epoch,time,train/box_loss,train/cls_loss,train/dfl_loss,metrics/precision(B),metrics/recall(B),metrics/mAP50(B),metrics/mAP50-95(B),val/box_loss,val/cls_loss,val/dfl_loss,lr/pg0,lr/pg1,lr/pg2
1,14.0167,1.77185,4.18106,2.23681,0.41159,0.2197,0.08976,0.04123,2.35004,39.1842,2.32353,0.0110889,0.0110889,0.0880889
2,28.5254,1.27752,3.72701,1.43591,0.01686,0.13827,0.03575,0.0205,2.69107,161.396,3.26225,0.0224357,0.0224357,0.0754357
