epoch,time,train/box_loss,train/cls_loss,train/dfl_loss,metrics/precision(B),metrics/recall(B),metrics/mAP50(B),metrics/mAP50-95(B),val/box_loss,val/cls_loss,val/dfl_loss,lr/pg0,lr/pg1,lr/pg2
1,14.1292,2.12528,4.81965,2.5932,0.08087,0.41031,0.07702,0.06668,0.55341,3.30698,1.03473,0.000630201,0.000630201,0.0776302
2,28.1331,1.07337,3.10482,1.41167,0.40612,0.44981,0.31163,0.18481,1.64338,2.73351,1.59852,0.00127505,0.00127505,0.0542751
