epoch,time,train/box_loss,train/cls_loss,train/dfl_loss,metrics/precision(B),metrics/recall(B),metrics/mAP50(B),metrics/mAP50-95(B),val/box_loss,val/cls_loss,val/dfl_loss,lr/pg0,lr/pg1,lr/pg2
1,14.8817,1.15041,5.93796,1.19973,0,0,0,0,0.97088,5.88804,1.02304,0.000326241,0.000326241,0.0677021
2,29.2473,0.97612,4.29995,1.1318,0.41813,0.10799,0.15015,0.10211,1.23013,3.75788,1.19615,0.000594277,0.000594277,0.0346368
3,43.4585,0.97392,3.53628,1.13422,0.42685,0.23469,0.26197,0.17916,1.20709,2.82548,1.18212,0.000796312,0.000796312,0.00150553
4,58.0661,0.9698,3.1294,1.12628,0.74944,0.1626,0.28314,0.19198,1.19396,2.34049,1.20767,0.000703,0.000703,0.000703
5,72.6473,0.92462,2.63111,1.11476,0.5068,0.30283,0.27194,0.18595,1.30567,2.44714,1.22326,0.000604,0.000604,0.000604
6,86.9848,0.94473,2.49345,1.11329,0.51897,0.3272,0.34293,0.25417,1.16923,2.0611,1.14692,0.000505,0.000505,0.000505
7,101.545,0.92084,2.37562,1.12341,0.53003,0.41225,0.39733,0.29752,1.25279,1.9848,1.18599,0.000406,0.000406,0.000406
