epoch,time,train/box_loss,train/cls_loss,train/dfl_loss,metrics/precision(B),metrics/recall(B),metrics/mAP50(B),metrics/mAP50-95(B),val/box_loss,val/cls_loss,val/dfl_loss,lr/pg0,lr/pg1,lr/pg2
1,9.18324,1.99019,4.74738,1.85388,0,0,0,0,0.83671,4.40254,0.9595,3.3863e-05,3.3863e-05,0.0674097
2,19.2787,1.81855,4.6832,1.70709,0,0,0,0,0.5741,4.381,0.90625,6.77843e-05,6.77843e-05,0.0341103
3,30.7457,1.41958,4.57783,1.41909,0.00332,0.0155,0.00244,0.002,0.7192,4.30846,0.95676,0.000101021,0.000101021,0.00081024
4,40.9825,1.0747,4.47343,1.21116,0.03373,0.12796,0.05806,0.03818,1.155,4.3102,1.24328,0.000100715,0.000100715,0.000100715
