epoch,time,train/box_loss,train/cls_loss,train/dfl_loss,metrics/precision(B),metrics/recall(B),metrics/mAP50(B),metrics/mAP50-95(B),val/box_loss,val/cls_loss,val/dfl_loss,lr/pg0,lr/pg1,lr/pg2
1,8.42161,0.95454,3.69085,1.06172,0.00119,0.1814,0.00848,0.00353,1.24023,4.41022,2.07013,0.00117925,0.00117925,0.0781792
2,16.9752,0.86514,2.43958,1.01994,0.00022,0.03953,0.00024,4e-05,4.01204,inf,34.0308,0.00238591,0.00238591,0.0553859
3,26.4958,0.88513,2.11841,1.0275,0,0,0,0,nan,nan,nan,0.00356821,0.00356821,0.0325682
4,34.4575,0.84019,1.93651,1.01392,0,0,0,0,nan,nan,nan,0.00472615,0.00472615,0.00972615
