epoch,time,train/box_loss,train/cls_loss,train/dfl_loss,metrics/precision(B),metrics/recall(B),metrics/mAP50(B),metrics/mAP50-95(B),val/box_loss,val/cls_loss,val/dfl_loss,lr/pg0,lr/pg1,lr/pg2
1,8.37535,1.3887,4.54261,1.36358,0,0,0,0,0.89305,4.36716,0.93807,0.00161905,0.00161905,0.078619
2,16.8984,0.84039,3.70786,1.05675,0.05268,0.1632,0.09301,0.06443,0.96902,3.87252,1.02497,0.00327574,0.00327574,0.0562757
