epoch,time,train/box_loss,train/cls_loss,train/dfl_loss,metrics/precision(B),metrics/recall(B),metrics/mAP50(B),metrics/mAP50-95(B),val/box_loss,val/cls_loss,val/dfl_loss,lr/pg0,lr/pg1,lr/pg2
1,11.1805,1.68568,5.15679,1.71006,0,0,0,0,nan,nan,nan,0.00562699,0.00562699,0.0730029
2,21.9395,1.69822,3.54901,1.67782,0,0,0,0,nan,nan,nan,0.0112637,0.0112637,0.0453062
3,33.8972,1.49191,3.00595,1.46308,0.00071,0.12791,0.00095,0.00044,2.44265,inf,9.00729,0.0167865,0.0167865,0.0174958
4,44.4103,1.39914,2.94004,1.42815,0.21245,0.04421,0.00903,0.00446,2.93839,637.026,6.71991,0.0167357,0.0167357,0.0167357
