epoch,time,train/box_loss,train/cls_loss,train/dfl_loss,metrics/precision(B),metrics/recall(B),metrics/mAP50(B),metrics/mAP50-95(B),val/box_loss,val/cls_loss,val/dfl_loss,lr/pg0,lr/pg1,lr/pg2
1,15.706,1.29894,3.21682,1.66067,0.52293,0.33209,0.34529,0.19149,1.68225,6.55416,1.7503,0.000102053,0.000102053,0.0674779
2,31.1859,1.07769,2.11429,1.35925,0.68795,0.5068,0.58006,0.42504,1.15486,4.2073,1.3981,0.000204282,0.000204282,0.0342468
