epoch,time,train/box_loss,train/cls_loss,train/dfl_loss,metrics/precision(B),metrics/recall(B),metrics/mAP50(B),metrics/mAP50-95(B),val/box_loss,val/cls_loss,val/dfl_loss,lr/pg0,lr/pg1,lr/pg2
1,8.31737,1.38541,5.26439,1.52475,0.49464,0.28326,0.16103,0.12837,0.90168,3.62675,1.0307,0.000165962,0.000165962,0.077166
2,16.4733,0.82647,2.1297,1.09208,0.2112,0.48142,0.22697,0.17676,0.92975,3.93636,1.07537,0.000335783,0.000335783,0.0533358
