epoch,time,train/box_loss,train/cls_loss,train/dfl_loss,metrics/precision(B),metrics/recall(B),metrics/mAP50(B),metrics/mAP50-95(B),val/box_loss,val/cls_loss,val/dfl_loss,lr/pg0,lr/pg1,lr/pg2
1,8.89916,2.3073,7.42619,2.37923,0.19906,0.25009,0.04186,0.02719,1.22487,6.2912,1.26857,0.000162243,0.000162243,0.0771622
2,17.8833,2.04978,5.26508,2.07948,0.3784,0.12793,0.05769,0.04524,0.76168,3.8042,1.00269,0.000328257,0.000328257,0.0533283
