epoch,time,train/box_loss,train/cls_loss,train/dfl_loss,metrics/precision(B),metrics/recall(B),metrics/mAP50(B),metrics/mAP50-95(B),val/box_loss,val/cls_loss,val/dfl_loss,lr/pg0,lr/pg1,lr/pg2
1,11.2885,1.65384,4.68369,1.53058,0,0,0,0,0.72902,4.37886,0.88685,0.000396289,0.000396289,0.0677722
2,22.5659,0.93034,4.33444,1.09845,0.0214,0.07677,0.03741,0.02526,1.04986,4.22183,1.05418,0.000793262,0.000793262,0.0348358
